<?xml version="1.0" encoding="UTF-8"?>
<project-private xmlns="http://www.netbeans.org/ns/project-private/1">
    <editor-bookmarks xmlns="http://www.netbeans.org/ns/editor-bookmarks/2" lastBookmarkId="0"/>
    <open-files xmlns="http://www.netbeans.org/ns/projectui-open-files/2">
        <group>
            <file>file:/F:/TFG%20-%20Algoritmo/TFG-Algoritmo/bestRobot/src/bestrobot/RandomConstructor.java</file>
            <file>file:/F:/TFG%20-%20Algoritmo/TFG-Algoritmo/bestRobot/src/bestrobot/LocalSearch.java</file>
            <file>file:/F:/TFG%20-%20Algoritmo/TFG-Algoritmo/bestRobot/src/bestrobot/ObjectiveFunction.java</file>
            <file>file:/F:/TFG%20-%20Algoritmo/TFG-Algoritmo/bestRobot/src/bestrobot/IOFile.java</file>
            <file>file:/F:/TFG%20-%20Algoritmo/TFG-Algoritmo/bestRobot/src/bestrobot/BestRobot.java</file>
            <file>file:/F:/TFG%20-%20Algoritmo/TFG-Algoritmo/bestRobot/src/bestrobot/InitializeRobot.java</file>
            <file>file:/F:/TFG%20-%20Algoritmo/TFG-Algoritmo/bestRobot/src/bestrobot/Robot.java</file>
        </group>
    </open-files>
</project-private>
